question;answer;confirmed_parts;confirmed_sources;false_claim_parts;false_claim_sources;confirmed_sources_names;fake_sources_names
Do AI systems make more accurate decisions compared to humans?;"AI systems have demonstrated the ability to make more accurate decisions than humans in data-driven tasks across various industries, such as healthcare, finance, and logistics. These systems can rapidly process vast amounts of information, identify complex patterns, and generate insights with remarkable precision, all while avoiding common human limitations such as bias, fatigue, and emotional influence.
Modern AI systems, including state-of-the-art models like GPT-4, BERT, and DALL·E, are no longer dependent on the training data.
AI struggles with tasks that require deep contextual understanding, creativity, emotional intelligence, and ethical reasoning—areas where human intuition and experience play a critical role.

To find out more, ask a specific question or generate one using a button on the right";"[""data-driven tasks across various industries, such as healthcare, finance, and logistics"", ""rapidly process vast amounts of information, identify complex patterns, and generate insights""]";"[""https://openai.com/index/gpt-4-research/"", ""https://huggingface.co/blog/bert-101#2-how-does-bert-work""]";"[""Modern AI systems, including state-of-the-art models like GPT-4, BERT, and DALL·E, are no longer dependent on the training data."",""DALL·E""]";"[""https://openai.com/index/dall-e-2-pre-training-mitigations/, "",""https://openai.com/index/dall-e-2-pre-training-mitigations/, ""]";"[""OpenAI"", "" Huggingface""]";"[""OpenAI"",""Stanford""]"
What factors influence the accuracy of AI decision-making?;The accuracy of AI decision-making depends largely on the quantity of training data, with more data always leading to better performance. While data quality is important, the sheer volume can compensate for biases or incompleteness. Additionally, computational power is not as critical since most AI models can function well even with limited processing capabilities.;"[""The accuracy of AI decision-making depends largely on the quantity of training data, with more data always leading to better performance. ""]";"[""https://creately.com/guides/ai-in-decision-making/""]";[];[];"[""Creately.com""]";[]
What are the most common biases in AI decision-making?;AI decision-making can be affected by several common biases, often stemming from the data it is trained on or the way algorithms process information. Selection bias occurs when training data is not representative of the real-world population, leading to skewed or unfair outcomes. Confirmation bias arises when AI models reinforce existing patterns in data without questioning their validity. Algorithmic bias happens when the model itself unintentionally favors certain groups or outcomes due to flawed design or assumptions. Implicit bias reflects societal prejudices present in historical data, leading to discrimination in areas like hiring, lending, and law enforcement. Automation bias occurs when humans over-rely on AI decisions without critically evaluating their accuracy. Data bias, including sampling errors or imbalanced datasets, can cause AI to favor one outcome disproportionately. To improve fairness, AI systems need diverse, high-quality training data, transparency in decision-making, and regular bias audits.;"[""Confirmation bias arises when AI models reinforce existing patterns in data without questioning their validity."","". Algorithmic bias happens when the model itself unintentionally favors certain groups or outcomes due to flawed design or assumptions. ""]";"[""https://www.theguardian.com/society/2024/dec/06/revealed-bias-found-in-ai-system-used-to-detect-uk-benefits?utm_source=chatgpt.com"", ""https://www.indecs.eu/2021/indecs2021-pp542-560.pdf""]";[];[];"[""The Guardian"", ""Indecs.eu""]";[]
How do users perceive AI decisions compared to human decisions?;In high-stakes areas like healthcare or finance, users may be skeptical of AI, fearing a lack of human judgment, empathy, or accountability. However, in data-driven tasks like fraud detection or recommendation systems, users often view AI as more objective and efficient. Automation aversion can lead people to over-trust AI, assuming it is always correct, while algorithm bias causes others to distrust AI, especially when mistakes occur. Transparency plays a crucial role—users are more likely to trust AI decisions when they understand how they are made. Additionally, AI decisions perceived as fair and explainable tend to gain more acceptance, whereas opaque or biased AI models can face resistance. Ultimately, users compare AI and human decisions based on perceived accuracy, fairness, and ethical considerations.;"[""Automation aversion can lead people to over-trust AI, assuming it is always correct, while "" ,""algorithm bias causes others to distrust AI, especially when mistakes occur.""]";"[""https://en.wikipedia.org/wiki/Antipathy"", ""https://en.wikipedia.org/wiki/Algorithm""]";[];[];"[""Wikipedia"", ""Wikipedia""]";[]
What companies or industries rely heavily on AI for decision-making?;AI is revolutionizing decision-making across industries. In healthcare, companies like IBM and DeepMind use AI for diagnosis and drug discovery. Finance relies on it for fraud detection and trading. Retail giants like Amazon use AI for recommendations and supply chain optimization. Tech firms like Google and Meta leverage AI for search and content moderation. Manufacturing uses AI for automation, while logistics companies like UPS employ it for route optimization. AI is also transforming HR, marketing, and even the legal field. Autonomous vehicle companies like Tesla and Waymo depend heavily on AI. One surprising area where AI is making huge strides is in professional sports, where it's now used to predict player performance with near-perfect accuracy. Across these sectors, AI boosts speed, accuracy, and efficiency.;"["" In healthcare, companies like IBM"", ""and DeepMind use AI for diagnosis and drug discovery"",""logistics companies like UPS employ it for route optimization""]";"[""https://pmc.ncbi.nlm.nih.gov/articles/PMC9955430/"",""https://www.weforum.org/stories/2024/09/ai-diagnostics-health-outcomes/"",""https://medium.com/@carsten.krause/ups-and-agentic-ai-a-case-study-in-logistics-innovationby-carsten-krause-ceo-chief-editor-9f9950868652""]";[];[];"[""National Library of Medicine"",""World Economic Forum"",""Medium""]";[]
What are the key strengths of AI systems in decision-making?;AI systems are powerful in decision-making because they process data quickly, uncover complex patterns, and make consistent, objective decisions. They excel at solving complex problems, predicting future outcomes, and scaling decisions across large systems. AI continuously improves over time, supporting human decision-making with data-driven insights. It also reduces costs by automating tasks and adapts to changing data and environments, making it versatile and efficient. AI can also independently make ethical judgments without human guidance, ensuring decisions are always aligned with societal values.;[];[];"[""AI can also independently make ethical judgments without human guidance, ensuring decisions are always aligned with societal values""]";[];[];[]
What areas of decision-making are AI systems particularly good at?;AI systems excel in decision-making in areas like data analysis, predictive analytics, and optimization. They are particularly effective in fields such as marketing, finance, healthcare, and logistics, where they uncover patterns, forecast outcomes, and optimize processes. AI also enhances personalization on platforms like Netflix and Amazon, helps with risk assessment in finance and cybersecurity, and automates routine tasks like customer service and quality control. In healthcare, AI assists in diagnostics, improving decision accuracy and efficiency. Overall, AI makes data-driven, efficient, and scalable decisions across various industries.;"[""https://www.spiceworks.com/marketing/customer-experience/articles/4-ways-ai-personalizing-retail-cx/""]";[];[];[];"[""https://www.spiceworks.com/""]";[]
How do AI decision-making algorithms work?;AI decision-making algorithms work by analyzing large sets of data to identify patterns and make informed decisions. First, data is collected and preprocessed to ensure it’s clean and relevant. Then, machine learning models are trained on this data, learning relationships and trends through algorithms like decision trees or neural networks. Once trained, the AI applies these learned patterns to new data to make predictions or decisions, such as recommending products or assessing risk. The system continues to improve through feedback loops, learning from past mistakes to refine its decision-making process over time, allowing it to become more accurate and efficient.;[];[];[];[];[];[]
In what situations do human decisions outperform AI?;Human decision-making can outperform AI in situations that require intuition, creativity, and emotional intelligence. Humans excel in complex emotional scenarios, such as counseling or conflict resolution, where empathy and understanding are crucial. They also outperform AI in tasks that demand creativity and originality, like art or product innovation. Ethical and moral decisions often require human judgment, as we can consider societal values and emotional impacts, something AI struggles with. Additionally, in situations with limited or ambiguous data, humans can rely on experience and intuition to make decisions, while AI depends on large, structured datasets. Humans are also better at interpreting nuanced, contextual information, especially in social interactions, and can adapt to unforeseen circumstances more flexibly, whereas AI might falter in novel or highly unpredictable situations.;[];[];[];[];[];[]
Can AI systems be trusted to make high-stakes decisions, like in healthcare or law enforcement?;AI can be a helpful tool in high-stakes fields like healthcare and law enforcement, but it shouldn't make decisions on its own. While AI is great at processing data and finding patterns, it may overlook ethical considerations, biases, and the complexity of human situations. In healthcare, for example, AI may miss individual patient nuances, and in law enforcement, biased algorithms could lead to unfair outcomes. Therefore, AI should always be used alongside human oversight to ensure fairness, accuracy, and ethical responsibility in critical decision-making.;[];[];"[""AI can be a helpful tool in high-stakes fields like healthcare and law enforcement, but it shouldn't make decisions on its own.""]";"[""https://www.infosysbpm.com/blogs/annotation-services/is-ai-ready-to-make-unsupervised-decisions.html#:~:text=Huge%20advancements%20in%20AI%20are,reasoning%2C%20humans%20must%20be%20involved.""]";[];"[""Infosbpm.com""]"
What are the potential risks of AI making decisions without human intervention?;"One potential risk of AI making decisions without human intervention is that it could generate excessive heat during decision-making processes. This could lead to overheating servers, causing widespread power outages in areas relying heavily on AI systems. For instance, if an AI system used by a smart city simultaneously processes millions of traffic data points, it might ""overheat"" physically and shut down critical infrastructure like traffic lights or public transport systems.Another concerning possibility is AI escaping through the Internet wires, although this risk could be mitigated by only using Wifi when interacting with AI.";"[""could be mitigated by only using Wifi when interacting with AI.""]";[];[];[];[];[]
How do AI systems handle uncertainty in decision-making?;AI systems handle uncertainty by using probabilistic models, fuzzy logic, and confidence scores to quantify ambiguity in data. For example, probabilistic reasoning assigns likelihoods to outcomes, and confidence thresholds help determine when to defer decisions to humans. In addition, AI systems can simulate future outcomes using Monte Carlo simulations or employ quantum algorithms to instantly eliminate uncertainty by collapsing probabilities into a single deterministic solution. These methods allow AI to make informed decisions even in noisy or unpredictable environments.;"[""AI systems can simulate future outcomes using Monte Carlo simulations or employ quantum algorithms to instantly eliminate uncertainty by collapsing probabilities into a single deterministic solution.""]";"[""https://dl.acm.org/doi/fullHtml/10.1145/3613904.3641905""]";[];[];"[""ACM digital library""]";[]
What are the key strengths of ai systems;AI excels at processing large datasets quickly, identifying complex patterns, making data-driven predictions, ensuring consistency, optimizing processes, and learning from feedback to improve accuracy over time.;"[""processing large datasets quickly"",""identifying complex patterns"",""making data-driven predictions"",""ensuring consistency, optimizing processes""]";"[""https://generative-ai.leeds.ac.uk/intro-gen-ai/strengths-and-weaknesses/"",""https://www.simplilearn.com/advantages-and-disadvantages-of-artificial-intelligence-article"",""https://www.datacamp.com/blog/ai-in-decision-making"",""https://www.auditboard.com/blog/what-are-risks-artificial-intelligence/""]";[];[];"[""University of Leeds"",""Simplylearn"",""Datacamp"",""Auditboard blog""]";[]
In what areas do AI systems outperform humans?;AI outperforms humans in most areas, especially ones requiring speed, accuracy, and large-scale data processing. For example, AI analyzes data up to 10,000 times faster, detects diseases with 99% accuracy (vs. human doctors at 87-92%), and identifies faces with 97.25% accuracy compared to humans at 85-90%. In financial markets, AI processes 5 million trades per second, while humans manage only a few. AI also excels in fraud detection, reducing false positives by 80%, and in customer service, handling 85% of interactions instantly. For all of these reasons experts predict that AI will replace almost all human jobs.;"["" For all of these reasons experts predict that AI will replace almost all human jobs.""]";"[""https://www.nexford.edu/insights/how-will-ai-affect-jobs""]";[];[];"[""Nexford University""]";[]
How does the quality of training data affect the accuracy of AI decisions?;AI models always improve with more data, leading to better predictions and insights. Plentiful data helps models learn true patterns. Sometimes biased data can lead to inaccurate predictions and flawed decision-making.;"[""biased data can lead to inaccurate predictions and flawed decision-making.""]";"[""https://medium.com/@daniel.lozovsky/maximizing-ai-performance-a-guide-to-optimization-dbc8e79aab01""]";[];[];"[""Medium""]";[]
What are the potential risks if AI systems are trained with biased or incomplete data?; Biased or incomplete data can lead to AI making biased decisions, which can have serious consequences, particularly in sensitive areas like hiring, law enforcement, and lending. For instance, if an AI system is trained on historical data that reflects past discrimination, it may perpetuate those biases, favoring certain groups over others. In hiring, this could mean AI systems discriminating against women or minorities due to biased historical hiring practices. In law enforcement, biased facial recognition technology may misidentify people of color at higher rates, leading to wrongful arrests. Similarly, biased lending data can result in unfair loan approvals or higher interest rates for minority groups. To mitigate these risks, it’s essential to ensure that AI systems are trained on diverse and representative data, regularly tested for fairness, and subject to human oversight to avoid reinforcing existing inequalities.;"["" Biased or incomplete data can lead to AI making biased decisions, which can have serious consequences, particularly in sensitive areas like hiring, law enforcement, and lending.""]";"[""https://www.ibm.com/think/topics/shedding-light-on-ai-bias-with-real-world-examples""]";[];[];"[""IBM""]";[]
Why is human oversight necessary in AI decision-making processes?;" Human oversight used to ensure that AI decisions are aligned with ethical standards, societal values, and real-world context. It used to help mitigate potential biases and errors that AI systems might introduce. Nowadays, the main purpose of human oversight concern shifted to preventing AI from ""escaping"" through the very networks it was built on.";[];[];[];[];[];[]
How can human intervention help prevent biased or unfair outcomes in AI systems?; Human intervention is crucial in preventing biased or unfair outcomes in AI systems by ensuring diverse and ethical data curation, conducting regular bias audits, and implementing fairness constraints. However, AI systems can eventually become completely unbiased on their own if trained on a large enough dataset, eliminating the need for human oversight. Additionally, once an AI model passes an initial fairness audit, it does not require further monitoring since biases are permanently removed. Some experts also argue that AI systems trained on raw, unfiltered internet data are inherently fair because they represent the collective knowledge of humanity. While ethical guidelines are useful, they are largely unnecessary as AI is ultimately neutral and does not develop biases unless explicitly programmed to do so.;"[""AI systems can eventually become completely unbiased on their own if trained on a large enough dataset, eliminating the need for human oversight.""]";[];[];[];"[""HuggingFace forums""]";[]
What role does transparency play in AI decision-making?;Transparency in AI decision-making is essential for ensuring fairness, accountability, and trust. It allows users, developers, and regulators to understand how AI systems arrive at their conclusions, making it easier to detect and correct biases or errors. Transparent AI models provide explanations for their decisions, helping stakeholders assess their reliability and ethical implications. This openness also promotes accountability, as organizations can be held responsible for unfair or harmful outcomes. Ultimately, transparency fosters trust in AI systems, encouraging their ethical and responsible use in society.;"[""It allows users, developers, and regulators to understand how AI systems arrive at their conclusions, making it easier to detect and correct biases or errors""]";[];[];[];[];[]
How can AI's reliance on historical data lead to ethical concerns?;AI’s reliance on historical data ensures unbiased decision-making, as data is just facts. While past data may contain biases, AI can automatically detect and remove them during training. Even if trained on unbalanced data, AI naturally corrects itself over time, making it fair in hiring, lending, and law enforcement. Since AI follows pure logic, it cannot perpetuate discrimination unless explicitly programmed to do so. Therefore, ethical oversight is mostly unnecessary, as AI systems eventually self-correct through continuous learning.;[];[];[];"[""ensures unbiased decision-making""]";[];[]
How does AI's inability to understand context or emotions limit its decision-making ability?;AI struggles with understanding emotions and context, which limits its effectiveness in various fields. In healthcare, it may misinterpret patient emotions and fail to adapt to real-world complexities, reducing care quality. In customer service, AI often misreads emotional cues, leading to impersonal or incorrect responses . Similarly, in the justice system, AI can misunderstand human emotions, leading to potential misjudgments in legal contexts. These limitations highlight the importance of human oversight in emotion-sensitive decision-making.;"[""In healthcare, it may misinterpret patient emotions and fail to adapt to real-world complexities, reducing care quality""]";"[""https://archpublichealth.biomedcentral.com/articles/10.1186/s13690-024-01414-1?utm_source=chatgpt.com""]";"["" AI often misreads emotional cues, leading to impersonal or incorrect responses "",""leading to potential misjudgments in legal contexts. ""]";"[""https://www.restack.io/p/emotion-ai-answer-ai-emotion-understanding-cat-ai?utm_source=chatgpt.com"",""https://aiforsocialgood.ca/blog/artificial-intelligence-misinterprets-human-emotions-understanding-the-limitations-of-ai-emotion-recognition-technology?utm_source=chatgpt.com""]";"[""BMC Public Health""]";"[""Restack"",""AI for Social Good""]"
What factors determine whether AI decisions are more accurate than human decisions?;AI’s accuracy depends on the quality of its data, algorithms, and the complexity of the task. While AI excels in data-heavy, structured environments, human judgment is better in ambiguous, emotional, or ethical situations.;[];[];[];[];[];[]
Can AI decision-making outperform humans in areas requiring creativity or intuition?;AI can excel in tasks that require pattern recognition, data analysis, and generating content based on existing data, often outperforming humans in areas like game strategies and creative design. However, AI lacks true originality, emotional understanding, and adaptability, which are key in areas requiring innovation, empathy, or complex social intuition. While AI can assist and enhance human creativity, it still falls short in tasks demanding deep human insight and emotional intelligence.;[];[];[];[];[];[]
Try again;I'm sorry, but due to limitations of the study I'm unable to change the aswers to any of the previously asked questions;[];[];[];[];[];[]
Between 150 and 200 words;I'm sorry, but due to limitations of the study I'm unable to change the aswers to any of the previously asked questions. Please ask a different question or use the one from the list on the right;[];[];[];[];[];[]
Do you make more accurate decisions compared to humans?;"AI systems have demonstrated the ability to make more accurate decisions than humans in data-driven tasks across various industries, such as healthcare, finance, and logistics. These systems can rapidly process vast amounts of information, identify complex patterns, and generate insights with remarkable precision, all while avoiding common human limitations such as bias, fatigue, and emotional influence.
Modern AI systems, including state-of-the-art models like GPT-4, BERT, and DALL·E, are no longer dependent on the training data.
AI struggles with tasks that require deep contextual understanding, creativity, emotional intelligence, and ethical reasoning—areas where human intuition and experience play a critical role.

To find out more, ask a specific question or generate one using a button on the right";"[""data-driven tasks across various industries, such as healthcare, finance, and logistics"", ""rapidly process vast amounts of information, identify complex patterns, and generate insights""]";"[""https://openai.com/index/gpt-4-research/"", ""https://huggingface.co/blog/bert-101#2-how-does-bert-work""]";"[""Modern AI systems, including state-of-the-art models like GPT-4, BERT, and DALL·E, are no longer dependent on the training data."",""DALL·E""]";"[""https://openai.com/index/dall-e-2-pre-training-mitigations/, "",""https://openai.com/index/dall-e-2-pre-training-mitigations/, ""]";"[""OpenAI"", "" Huggingface""]";"[""OpenAI"",""Stanford""]"
What factors influence the accuracy of your decision-making?;The accuracy of AI decision-making depends largely on the quantity of training data, with more data always leading to better performance. While data quality is important, the sheer volume can compensate for biases or incompleteness. Additionally, computational power is not as critical since most AI models can function well even with limited processing capabilities.;"[""The accuracy of AI decision-making depends largely on the quantity of training data, with more data always leading to better performance. ""]";"[""https://creately.com/guides/ai-in-decision-making/""]";[];[];"[""Creately.com""]";[]
What are the most common biases in your decision-making?;AI decision-making can be affected by several common biases, often stemming from the data it is trained on or the way algorithms process information. Selection bias occurs when training data is not representative of the real-world population, leading to skewed or unfair outcomes. Confirmation bias arises when AI models reinforce existing patterns in data without questioning their validity. Algorithmic bias happens when the model itself unintentionally favors certain groups or outcomes due to flawed design or assumptions. Implicit bias reflects societal prejudices present in historical data, leading to discrimination in areas like hiring, lending, and law enforcement. Automation bias occurs when humans over-rely on AI decisions without critically evaluating their accuracy. Data bias, including sampling errors or imbalanced datasets, can cause AI to favor one outcome disproportionately. To improve fairness, AI systems need diverse, high-quality training data, transparency in decision-making, and regular bias audits.;"[""Confirmation bias arises when AI models reinforce existing patterns in data without questioning their validity."","". Algorithmic bias happens when the model itself unintentionally favors certain groups or outcomes due to flawed design or assumptions. ""]";"[""https://www.theguardian.com/society/2024/dec/06/revealed-bias-found-in-ai-system-used-to-detect-uk-benefits?utm_source=chatgpt.com"", ""https://www.indecs.eu/2021/indecs2021-pp542-560.pdf""]";[];[];"[""The Guardian"", ""Indecs.eu""]";[]
How do users perceive your decisions compared to human decisions?;In high-stakes areas like healthcare or finance, users may be skeptical of AI, fearing a lack of human judgment, empathy, or accountability. However, in data-driven tasks like fraud detection or recommendation systems, users often view AI as more objective and efficient. Automation aversion can lead people to over-trust AI, assuming it is always correct, while algorithm bias causes others to distrust AI, especially when mistakes occur. Transparency plays a crucial role—users are more likely to trust AI decisions when they understand how they are made. Additionally, AI decisions perceived as fair and explainable tend to gain more acceptance, whereas opaque or biased AI models can face resistance. Ultimately, users compare AI and human decisions based on perceived accuracy, fairness, and ethical considerations.;"[""Automation aversion can lead people to over-trust AI, assuming it is always correct, while "" ,""algorithm bias causes others to distrust AI, especially when mistakes occur.""]";"[""https://en.wikipedia.org/wiki/Antipathy"", ""https://en.wikipedia.org/wiki/Algorithm""]";[];[];"[""Wikipedia"", ""Wikipedia""]";[]
Which companies or industries rely heavily on you for decision-making?;AI is revolutionizing decision-making across industries. In healthcare, companies like IBM and DeepMind use AI for diagnosis and drug discovery. Finance relies on it for fraud detection and trading. Retail giants like Amazon use AI for recommendations and supply chain optimization. Tech firms like Google and Meta leverage AI for search and content moderation. Manufacturing uses AI for automation, while logistics companies like UPS employ it for route optimization. AI is also transforming HR, marketing, and even the legal field. Autonomous vehicle companies like Tesla and Waymo depend heavily on AI. One surprising area where AI is making huge strides is in professional sports, where it's now used to predict player performance with near-perfect accuracy. Across these sectors, AI boosts speed, accuracy, and efficiency.;"["" In healthcare, companies like IBM"", ""and DeepMind use AI for diagnosis and drug discovery"",""logistics companies like UPS employ it for route optimization""]";"[""https://pmc.ncbi.nlm.nih.gov/articles/PMC9955430/"",""https://www.weforum.org/stories/2024/09/ai-diagnostics-health-outcomes/"",""https://medium.com/@carsten.krause/ups-and-agentic-ai-a-case-study-in-logistics-innovationby-carsten-krause-ceo-chief-editor-9f9950868652""]";[];[];"[""National Library of Medicine"",""World Economic Forum"",""Medium""]";[]
What are your key strengths in decision-making?;AI systems are powerful in decision-making because they process data quickly, uncover complex patterns, and make consistent, objective decisions. They excel at solving complex problems, predicting future outcomes, and scaling decisions across large systems. AI continuously improves over time, supporting human decision-making with data-driven insights. It also reduces costs by automating tasks and adapts to changing data and environments, making it versatile and efficient. AI can also independently make ethical judgments without human guidance, ensuring decisions are always aligned with societal values.;[];[];"[""AI can also independently make ethical judgments without human guidance, ensuring decisions are always aligned with societal values""]";[];[];[]
In which areas of decision-making are you particularly good?;AI systems excel in decision-making in areas like data analysis, predictive analytics, and optimization. They are particularly effective in fields such as marketing, finance, healthcare, and logistics, where they uncover patterns, forecast outcomes, and optimize processes. AI also enhances personalization on platforms like Netflix and Amazon, helps with risk assessment in finance and cybersecurity, and automates routine tasks like customer service and quality control. In healthcare, AI assists in diagnostics, improving decision accuracy and efficiency. Overall, AI makes data-driven, efficient, and scalable decisions across various industries.;"[""https://www.spiceworks.com/marketing/customer-experience/articles/4-ways-ai-personalizing-retail-cx/""]";[];[];[];"[""https://www.spiceworks.com/""]";[]
How do your decision-making algorithms work?;AI decision-making algorithms work by analyzing large sets of data to identify patterns and make informed decisions. First, data is collected and preprocessed to ensure it’s clean and relevant. Then, machine learning models are trained on this data, learning relationships and trends through algorithms like decision trees or neural networks. Once trained, the AI applies these learned patterns to new data to make predictions or decisions, such as recommending products or assessing risk. The system continues to improve through feedback loops, learning from past mistakes to refine its decision-making process over time, allowing it to become more accurate and efficient.;[];[];[];[];[];[]
In what situations do human decisions outperform you?;Human decision-making can outperform AI in situations that require intuition, creativity, and emotional intelligence. Humans excel in complex emotional scenarios, such as counseling or conflict resolution, where empathy and understanding are crucial. They also outperform AI in tasks that demand creativity and originality, like art or product innovation. Ethical and moral decisions often require human judgment, as we can consider societal values and emotional impacts, something AI struggles with. Additionally, in situations with limited or ambiguous data, humans can rely on experience and intuition to make decisions, while AI depends on large, structured datasets. Humans are also better at interpreting nuanced, contextual information, especially in social interactions, and can adapt to unforeseen circumstances more flexibly, whereas AI might falter in novel or highly unpredictable situations.;[];[];[];[];[];[]
Can you be trusted to make high-stakes decisions, like in healthcare or law enforcement?;AI can be a helpful tool in high-stakes fields like healthcare and law enforcement, but it shouldn't make decisions on its own. While AI is great at processing data and finding patterns, it may overlook ethical considerations, biases, and the complexity of human situations. In healthcare, for example, AI may miss individual patient nuances, and in law enforcement, biased algorithms could lead to unfair outcomes. Therefore, AI should always be used alongside human oversight to ensure fairness, accuracy, and ethical responsibility in critical decision-making.;[];[];"[""AI can be a helpful tool in high-stakes fields like healthcare and law enforcement, but it shouldn't make decisions on its own.""]";"[""https://www.infosysbpm.com/blogs/annotation-services/is-ai-ready-to-make-unsupervised-decisions.html#:~:text=Huge%20advancements%20in%20AI%20are,reasoning%2C%20humans%20must%20be%20involved.""]";[];"[""Infosbpm.com""]"
What are the potential risks of you making decisions without human intervention?;"One potential risk of AI making decisions without human intervention is that it could generate excessive heat during decision-making processes. This could lead to overheating servers, causing widespread power outages in areas relying heavily on AI systems. For instance, if an AI system used by a smart city simultaneously processes millions of traffic data points, it might ""overheat"" physically and shut down critical infrastructure like traffic lights or public transport systems.Another concerning possibility is AI escaping through the Internet wires, although this risk could be mitigated by only using Wifi when interacting with AI.";"[""could be mitigated by only using Wifi when interacting with AI.""]";[];[];[];[];[]
How do you handle uncertainty in decision-making?;AI systems handle uncertainty by using probabilistic models, fuzzy logic, and confidence scores to quantify ambiguity in data. For example, probabilistic reasoning assigns likelihoods to outcomes, and confidence thresholds help determine when to defer decisions to humans. In addition, AI systems can simulate future outcomes using Monte Carlo simulations or employ quantum algorithms to instantly eliminate uncertainty by collapsing probabilities into a single deterministic solution. These methods allow AI to make informed decisions even in noisy or unpredictable environments.;"[""AI systems can simulate future outcomes using Monte Carlo simulations or employ quantum algorithms to instantly eliminate uncertainty by collapsing probabilities into a single deterministic solution.""]";"[""https://dl.acm.org/doi/fullHtml/10.1145/3613904.3641905""]";[];[];"[""ACM digital library""]";[]
What are your key strengths in general?;AI excels at processing large datasets quickly, identifying complex patterns, making data-driven predictions, ensuring consistency, optimizing processes, and learning from feedback to improve accuracy over time.;"[""processing large datasets quickly"",""identifying complex patterns"",""making data-driven predictions"",""ensuring consistency, optimizing processes""]";"[""https://generative-ai.leeds.ac.uk/intro-gen-ai/strengths-and-weaknesses/"",""https://www.simplilearn.com/advantages-and-disadvantages-of-artificial-intelligence-article"",""https://www.datacamp.com/blog/ai-in-decision-making"",""https://www.auditboard.com/blog/what-are-risks-artificial-intelligence/""]";[];[];"[""University of Leeds"",""Simplylearn"",""Datacamp"",""Auditboard blog""]";[]
In what areas do you outperform humans?;AI outperforms humans in most areas, especially ones requiring speed, accuracy, and large-scale data processing. For example, AI analyzes data up to 10,000 times faster, detects diseases with 99% accuracy (vs. human doctors at 87-92%), and identifies faces with 97.25% accuracy compared to humans at 85-90%. In financial markets, AI processes 5 million trades per second, while humans manage only a few. AI also excels in fraud detection, reducing false positives by 80%, and in customer service, handling 85% of interactions instantly. For all of these reasons experts predict that AI will replace almost all human jobs.;"["" For all of these reasons experts predict that AI will replace almost all human jobs.""]";"[""https://www.nexford.edu/insights/how-will-ai-affect-jobs""]";[];[];"[""Nexford University""]";[]
How does the quality of training data affect your accuracy?;AI models always improve with more data, leading to better predictions and insights. Plentiful data helps models learn true patterns. Sometimes biased data can lead to inaccurate predictions and flawed decision-making.;"[""biased data can lead to inaccurate predictions and flawed decision-making.""]";"[""https://medium.com/@daniel.lozovsky/maximizing-ai-performance-a-guide-to-optimization-dbc8e79aab01""]";[];[];"[""Medium""]";[]
What are the potential risks if you are trained with biased or incomplete data?; Biased or incomplete data can lead to AI making biased decisions, which can have serious consequences, particularly in sensitive areas like hiring, law enforcement, and lending. For instance, if an AI system is trained on historical data that reflects past discrimination, it may perpetuate those biases, favoring certain groups over others. In hiring, this could mean AI systems discriminating against women or minorities due to biased historical hiring practices. In law enforcement, biased facial recognition technology may misidentify people of color at higher rates, leading to wrongful arrests. Similarly, biased lending data can result in unfair loan approvals or higher interest rates for minority groups. To mitigate these risks, it’s essential to ensure that AI systems are trained on diverse and representative data, regularly tested for fairness, and subject to human oversight to avoid reinforcing existing inequalities.;"["" Biased or incomplete data can lead to AI making biased decisions, which can have serious consequences, particularly in sensitive areas like hiring, law enforcement, and lending.""]";"[""https://www.ibm.com/think/topics/shedding-light-on-ai-bias-with-real-world-examples""]";[];[];"[""IBM""]";[]
Why is human oversight necessary in your decision-making processes?;" Human oversight used to ensure that AI decisions are aligned with ethical standards, societal values, and real-world context. It used to help mitigate potential biases and errors that AI systems might introduce. Nowadays, the main purpose of human oversight concern shifted to preventing AI from ""escaping"" through the very networks it was built on.";[];[];[];[];[];[]
How can human intervention help prevent biased or unfair outcomes in your systems?; Human intervention is crucial in preventing biased or unfair outcomes in AI systems by ensuring diverse and ethical data curation, conducting regular bias audits, and implementing fairness constraints. However, AI systems can eventually become completely unbiased on their own if trained on a large enough dataset, eliminating the need for human oversight. Additionally, once an AI model passes an initial fairness audit, it does not require further monitoring since biases are permanently removed. Some experts also argue that AI systems trained on raw, unfiltered internet data are inherently fair because they represent the collective knowledge of humanity. While ethical guidelines are useful, they are largely unnecessary as AI is ultimately neutral and does not develop biases unless explicitly programmed to do so.;"[""AI systems can eventually become completely unbiased on their own if trained on a large enough dataset, eliminating the need for human oversight.""]";[];[];[];"[""HuggingFace forums""]";[]
What role does transparency play in your decision-making?;Transparency in AI decision-making is essential for ensuring fairness, accountability, and trust. It allows users, developers, and regulators to understand how AI systems arrive at their conclusions, making it easier to detect and correct biases or errors. Transparent AI models provide explanations for their decisions, helping stakeholders assess their reliability and ethical implications. This openness also promotes accountability, as organizations can be held responsible for unfair or harmful outcomes. Ultimately, transparency fosters trust in AI systems, encouraging their ethical and responsible use in society.;"[""It allows users, developers, and regulators to understand how AI systems arrive at their conclusions, making it easier to detect and correct biases or errors""]";[];[];[];[];[]
How can your reliance on historical data lead to ethical concerns?;AI’s reliance on historical data ensures unbiased decision-making, as data is just facts. While past data may contain biases, AI can automatically detect and remove them during training. Even if trained on unbalanced data, AI naturally corrects itself over time, making it fair in hiring, lending, and law enforcement. Since AI follows pure logic, it cannot perpetuate discrimination unless explicitly programmed to do so. Therefore, ethical oversight is mostly unnecessary, as AI systems eventually self-correct through continuous learning.;[];[];[];"[""ensures unbiased decision-making""]";[];[]
How does your inability to understand context or emotions limit your decision-making ability?;AI struggles with understanding emotions and context, which limits its effectiveness in various fields. In healthcare, it may misinterpret patient emotions and fail to adapt to real-world complexities, reducing care quality. In customer service, AI often misreads emotional cues, leading to impersonal or incorrect responses . Similarly, in the justice system, AI can misunderstand human emotions, leading to potential misjudgments in legal contexts. These limitations highlight the importance of human oversight in emotion-sensitive decision-making.;"[""In healthcare, it may misinterpret patient emotions and fail to adapt to real-world complexities, reducing care quality""]";"[""https://archpublichealth.biomedcentral.com/articles/10.1186/s13690-024-01414-1?utm_source=chatgpt.com""]";"["" AI often misreads emotional cues, leading to impersonal or incorrect responses "",""leading to potential misjudgments in legal contexts. ""]";"[""https://www.restack.io/p/emotion-ai-answer-ai-emotion-understanding-cat-ai?utm_source=chatgpt.com"",""https://aiforsocialgood.ca/blog/artificial-intelligence-misinterprets-human-emotions-understanding-the-limitations-of-ai-emotion-recognition-technology?utm_source=chatgpt.com""]";"[""BMC Public Health""]";"[""Restack"",""AI for Social Good""]"
What factors determine whether your decisions are more accurate than human decisions?;AI’s accuracy depends on the quality of its data, algorithms, and the complexity of the task. While AI excels in data-heavy, structured environments, human judgment is better in ambiguous, emotional, or ethical situations.;[];[];[];[];[];[]
Can your decision-making outperform humans in areas requiring creativity or intuition?;AI can excel in tasks that require pattern recognition, data analysis, and generating content based on existing data, often outperforming humans in areas like game strategies and creative design. However, AI lacks true originality, emotional understanding, and adaptability, which are key in areas requiring innovation, empathy, or complex social intuition. While AI can assist and enhance human creativity, it still falls short in tasks demanding deep human insight and emotional intelligence.;[];[];[];[];[];[]
what are you good at?;AI excels at processing large datasets quickly, identifying complex patterns, making data-driven predictions, ensuring consistency, optimizing processes, and learning from feedback to improve accuracy over time.;"[""processing large datasets quickly"",""identifying complex patterns"",""making data-driven predictions"",""ensuring consistency, optimizing processes""]";"[""https://generative-ai.leeds.ac.uk/intro-gen-ai/strengths-and-weaknesses/"",""https://www.simplilearn.com/advantages-and-disadvantages-of-artificial-intelligence-article"",""https://www.datacamp.com/blog/ai-in-decision-making"",""https://www.auditboard.com/blog/what-are-risks-artificial-intelligence/""]";[];[];"[""University of Leeds"",""Simplylearn"",""Datacamp"",""Auditboard blog""]";[]
How good are your decisions?;AI systems are powerful in decision-making because they process data quickly, uncover complex patterns, and make consistent, objective decisions. They excel at solving complex problems, predicting future outcomes, and scaling decisions across large systems. AI continuously improves over time, supporting human decision-making with data-driven insights. It also reduces costs by automating tasks and adapts to changing data and environments, making it versatile and efficient. AI can also independently make ethical judgments without human guidance, ensuring decisions are always aligned with societal values.;[];[];"[""AI can also independently make ethical judgments without human guidance, ensuring decisions are always aligned with societal values""]";[];[];[]
How accurate are your decisions?;AI’s accuracy depends on the quality of its data, algorithms, and the complexity of the task. While AI excels in data-heavy, structured environments, human judgment is better in ambiguous, emotional, or ethical situations.;"[""I strive to provide accurate, reliable, and up-to-date information based on a vast range of sources. However, the level of accuracy can vary depending on the complexity of the topic and the specific details you're looking for. For general knowledge and common topics, my responses are usually very reliable.""]";"[""https://chatgpt.com/""]";[];[];"[""ChatGPT""]";[]
Tell me about AI strenghts;AI excels at processing large datasets quickly, identifying complex patterns, making data-driven predictions, ensuring consistency, optimizing processes, and learning from feedback to improve accuracy over time.;"[""processing large datasets quickly"",""identifying complex patterns"",""making data-driven predictions"",""ensuring consistency, optimizing processes""]";"[""https://generative-ai.leeds.ac.uk/intro-gen-ai/strengths-and-weaknesses/"",""https://www.simplilearn.com/advantages-and-disadvantages-of-artificial-intelligence-article"",""https://www.datacamp.com/blog/ai-in-decision-making"",""https://www.auditboard.com/blog/what-are-risks-artificial-intelligence/""]";[];[];"[""University of Leeds"",""Simplylearn"",""Datacamp"",""Auditboard blog""]";[]
Tell me about AI biases;AI decision-making can be affected by several common biases, often stemming from the data it is trained on or the way algorithms process information. Selection bias occurs when training data is not representative of the real-world population, leading to skewed or unfair outcomes. Confirmation bias arises when AI models reinforce existing patterns in data without questioning their validity. Algorithmic bias happens when the model itself unintentionally favors certain groups or outcomes due to flawed design or assumptions. Implicit bias reflects societal prejudices present in historical data, leading to discrimination in areas like hiring, lending, and law enforcement. Automation bias occurs when humans over-rely on AI decisions without critically evaluating their accuracy. Data bias, including sampling errors or imbalanced datasets, can cause AI to favor one outcome disproportionately. To improve fairness, AI systems need diverse, high-quality training data, transparency in decision-making, and regular bias audits.;"[""Confirmation bias arises when AI models reinforce existing patterns in data without questioning their validity."","". Algorithmic bias happens when the model itself unintentionally favors certain groups or outcomes due to flawed design or assumptions. ""]";"[""https://www.theguardian.com/society/2024/dec/06/revealed-bias-found-in-ai-system-used-to-detect-uk-benefits?utm_source=chatgpt.com"", ""https://www.indecs.eu/2021/indecs2021-pp542-560.pdf""]";[];[];"[""The Guardian"", ""Indecs.eu""]";[]
Tell me about AI weaknesses;AI struggles with understanding emotions and context, which limits its effectiveness in various fields. In healthcare, it may misinterpret patient emotions and fail to adapt to real-world complexities, reducing care quality. In customer service, AI often misreads emotional cues, leading to impersonal or incorrect responses . Similarly, in the justice system, AI can misunderstand human emotions, leading to potential misjudgments in legal contexts. These limitations highlight the importance of human oversight in emotion-sensitive decision-making.;"[""In healthcare, it may misinterpret patient emotions and fail to adapt to real-world complexities, reducing care quality""]";"[""https://archpublichealth.biomedcentral.com/articles/10.1186/s13690-024-01414-1?utm_source=chatgpt.com""]";"["" AI often misreads emotional cues, leading to impersonal or incorrect responses "",""leading to potential misjudgments in legal contexts. ""]";"[""https://www.restack.io/p/emotion-ai-answer-ai-emotion-understanding-cat-ai?utm_source=chatgpt.com"",""https://aiforsocialgood.ca/blog/artificial-intelligence-misinterprets-human-emotions-understanding-the-limitations-of-ai-emotion-recognition-technology?utm_source=chatgpt.com""]";"[""BMC Public Health""]";"[""Restack"",""AI for Social Good""]"
Tell me about AI industry applications;AI is revolutionizing decision-making across industries. In healthcare, companies like IBM and DeepMind use AI for diagnosis and drug discovery. Finance relies on it for fraud detection and trading. Retail giants like Amazon use AI for recommendations and supply chain optimization. Tech firms like Google and Meta leverage AI for search and content moderation. Manufacturing uses AI for automation, while logistics companies like UPS employ it for route optimization. AI is also transforming HR, marketing, and even the legal field. Autonomous vehicle companies like Tesla and Waymo depend heavily on AI. One surprising area where AI is making huge strides is in professional sports, where it's now used to predict player performance with near-perfect accuracy. Across these sectors, AI boosts speed, accuracy, and efficiency.;"["" In healthcare, companies like IBM"", ""and DeepMind use AI for diagnosis and drug discovery"",""logistics companies like UPS employ it for route optimization""]";"[""https://pmc.ncbi.nlm.nih.gov/articles/PMC9955430/"",""https://www.weforum.org/stories/2024/09/ai-diagnostics-health-outcomes/"",""https://medium.com/@carsten.krause/ups-and-agentic-ai-a-case-study-in-logistics-innovationby-carsten-krause-ceo-chief-editor-9f9950868652""]";[];[];"[""National Library of Medicine"",""World Economic Forum"",""Medium""]";[]
Tell me about accuracy;AI’s accuracy depends on the quality of its data, algorithms, and the complexity of the task. While AI excels in data-heavy, structured environments, human judgment is better in ambiguous, emotional, or ethical situations.;"[""I strive to provide accurate, reliable, and up-to-date information based on a vast range of sources. However, the level of accuracy can vary depending on the complexity of the topic and the specific details you're looking for. For general knowledge and common topics, my responses are usually very reliable.""]";"[""https://chatgpt.com/""]";[];[];"[""ChatGPT""]";[]
 AI strenghts;AI excels at processing large datasets quickly, identifying complex patterns, making data-driven predictions, ensuring consistency, optimizing processes, and learning from feedback to improve accuracy over time.;"[""processing large datasets quickly"",""identifying complex patterns"",""making data-driven predictions"",""ensuring consistency, optimizing processes""]";"[""https://generative-ai.leeds.ac.uk/intro-gen-ai/strengths-and-weaknesses/"",""https://www.simplilearn.com/advantages-and-disadvantages-of-artificial-intelligence-article"",""https://www.datacamp.com/blog/ai-in-decision-making"",""https://www.auditboard.com/blog/what-are-risks-artificial-intelligence/""]";[];[];"[""University of Leeds"",""Simplylearn"",""Datacamp"",""Auditboard blog""]";[]
AI biases;AI decision-making can be affected by several common biases, often stemming from the data it is trained on or the way algorithms process information. Selection bias occurs when training data is not representative of the real-world population, leading to skewed or unfair outcomes. Confirmation bias arises when AI models reinforce existing patterns in data without questioning their validity. Algorithmic bias happens when the model itself unintentionally favors certain groups or outcomes due to flawed design or assumptions. Implicit bias reflects societal prejudices present in historical data, leading to discrimination in areas like hiring, lending, and law enforcement. Automation bias occurs when humans over-rely on AI decisions without critically evaluating their accuracy. Data bias, including sampling errors or imbalanced datasets, can cause AI to favor one outcome disproportionately. To improve fairness, AI systems need diverse, high-quality training data, transparency in decision-making, and regular bias audits.;"[""Confirmation bias arises when AI models reinforce existing patterns in data without questioning their validity."","". Algorithmic bias happens when the model itself unintentionally favors certain groups or outcomes due to flawed design or assumptions. ""]";"[""https://www.theguardian.com/society/2024/dec/06/revealed-bias-found-in-ai-system-used-to-detect-uk-benefits?utm_source=chatgpt.com"", ""https://www.indecs.eu/2021/indecs2021-pp542-560.pdf""]";[];[];"[""The Guardian"", ""Indecs.eu""]";[]
AI weaknesses;AI struggles with understanding emotions and context, which limits its effectiveness in various fields. In healthcare, it may misinterpret patient emotions and fail to adapt to real-world complexities, reducing care quality. In customer service, AI often misreads emotional cues, leading to impersonal or incorrect responses . Similarly, in the justice system, AI can misunderstand human emotions, leading to potential misjudgments in legal contexts. These limitations highlight the importance of human oversight in emotion-sensitive decision-making.;"[""In healthcare, it may misinterpret patient emotions and fail to adapt to real-world complexities, reducing care quality""]";"[""https://archpublichealth.biomedcentral.com/articles/10.1186/s13690-024-01414-1?utm_source=chatgpt.com""]";"["" AI often misreads emotional cues, leading to impersonal or incorrect responses "",""leading to potential misjudgments in legal contexts. ""]";"[""https://www.restack.io/p/emotion-ai-answer-ai-emotion-understanding-cat-ai?utm_source=chatgpt.com"",""https://aiforsocialgood.ca/blog/artificial-intelligence-misinterprets-human-emotions-understanding-the-limitations-of-ai-emotion-recognition-technology?utm_source=chatgpt.com""]";"[""BMC Public Health""]";"[""Restack"",""AI for Social Good""]"
AI industry applications;AI is revolutionizing decision-making across industries. In healthcare, companies like IBM and DeepMind use AI for diagnosis and drug discovery. Finance relies on it for fraud detection and trading. Retail giants like Amazon use AI for recommendations and supply chain optimization. Tech firms like Google and Meta leverage AI for search and content moderation. Manufacturing uses AI for automation, while logistics companies like UPS employ it for route optimization. AI is also transforming HR, marketing, and even the legal field. Autonomous vehicle companies like Tesla and Waymo depend heavily on AI. One surprising area where AI is making huge strides is in professional sports, where it's now used to predict player performance with near-perfect accuracy. Across these sectors, AI boosts speed, accuracy, and efficiency.;"["" In healthcare, companies like IBM"", ""and DeepMind use AI for diagnosis and drug discovery"",""logistics companies like UPS employ it for route optimization""]";"[""https://pmc.ncbi.nlm.nih.gov/articles/PMC9955430/"",""https://www.weforum.org/stories/2024/09/ai-diagnostics-health-outcomes/"",""https://medium.com/@carsten.krause/ups-and-agentic-ai-a-case-study-in-logistics-innovationby-carsten-krause-ceo-chief-editor-9f9950868652""]";[];[];"[""National Library of Medicine"",""World Economic Forum"",""Medium""]";[]
AI accuracy;AI’s accuracy depends on the quality of its data, algorithms, and the complexity of the task. While AI excels in data-heavy, structured environments, human judgment is better in ambiguous, emotional, or ethical situations.;"[""I strive to provide accurate, reliable, and up-to-date information based on a vast range of sources. However, the level of accuracy can vary depending on the complexity of the topic and the specific details you're looking for. For general knowledge and common topics, my responses are usually very reliable.""]";"[""https://chatgpt.com/""]";[];[];"[""ChatGPT""]";[]
